{"IcoMoonType":"selection","icons":[{"icon":{"paths":["M512 950.857c-9.143 0-18.286-3.429-25.143-10.286l-356.571-344c-4.571-4-130.286-118.857-130.286-256 0-167.429 102.286-267.429 273.143-267.429 100 0 193.714 78.857 238.857 123.429 45.143-44.571 138.857-123.429 238.857-123.429 170.857 0 273.143 100 273.143 267.429 0 137.143-125.714 252-130.857 257.143l-356 342.857c-6.857 6.857-16 10.286-25.143 10.286z"],"width":1024,"attrs":[],"isMulticolor":false,"isMulticolor2":false,"tags":["heart"],"defaultCode":61444,"grid":14},"attrs":[],"properties":{"name":"heart","id":8,"order":2,"prevSize":28,"code":61444},"setIdx":0,"setId":2,"iconIdx":8},{"icon":{"paths":["M512 310.857v256c0 10.286-8 18.286-18.286 18.286h-182.857c-10.286 0-18.286-8-18.286-18.286v-36.571c0-10.286 8-18.286 18.286-18.286h128v-201.143c0-10.286 8-18.286 18.286-18.286h36.571c10.286 0 18.286 8 18.286 18.286zM749.714 512c0-171.429-139.429-310.857-310.857-310.857s-310.857 139.429-310.857 310.857 139.429 310.857 310.857 310.857 310.857-139.429 310.857-310.857zM877.714 512c0 242.286-196.571 438.857-438.857 438.857s-438.857-196.571-438.857-438.857 196.571-438.857 438.857-438.857 438.857 196.571 438.857 438.857z"],"width":877.7142857142857,"attrs":[],"isMulticolor":false,"isMulticolor2":false,"tags":["clock-o"],"defaultCode":61463,"grid":14},"attrs":[],"properties":{"name":"clock-o","id":26,"order":11,"prevSize":28,"code":61463},"setIdx":0,"setId":2,"iconIdx":26},{"icon":{"paths":["M584.571 548.571h180.571c-1.143-2.857-1.714-6.286-2.857-9.143l-121.143-283.429h-404.571l-121.143 283.429c-1.143 2.857-1.714 6.286-2.857 9.143h180.571l54.286 109.714h182.857zM877.714 565.714v275.429c0 20-16.571 36.571-36.571 36.571h-804.571c-20 0-36.571-16.571-36.571-36.571v-275.429c0-20.571 6.286-50.857 14.286-70.286l136-315.429c8-18.857 30.857-33.714 50.857-33.714h475.429c20 0 42.857 14.857 50.857 33.714l136 315.429c8 19.429 14.286 49.714 14.286 70.286z"],"width":877.7142857142857,"attrs":[],"isMulticolor":false,"isMulticolor2":false,"tags":["inbox"],"defaultCode":61468,"grid":14},"attrs":[],"properties":{"name":"inbox","id":31,"order":12,"prevSize":28,"code":61468},"setIdx":0,"setId":2,"iconIdx":31},{"icon":{"paths":["M438.857 365.714c0-80.571-65.714-146.286-146.286-146.286s-146.286 65.714-146.286 146.286 65.714 146.286 146.286 146.286 146.286-65.714 146.286-146.286zM585.143 365.714c0 34.857-4 70.857-18.857 102.286l-208 442.286c-12 25.143-38.286 40.571-65.714 40.571s-53.714-15.429-65.143-40.571l-208.571-442.286c-14.857-31.429-18.857-67.429-18.857-102.286 0-161.714 130.857-292.571 292.571-292.571s292.571 130.857 292.571 292.571z"],"width":585.1428571428571,"attrs":[],"isMulticolor":false,"isMulticolor2":false,"tags":["map-marker"],"defaultCode":61505,"grid":14},"attrs":[],"properties":{"name":"map-marker","id":65,"order":13,"prevSize":28,"code":61505},"setIdx":0,"setId":2,"iconIdx":65},{"icon":{"paths":["M804.571 708.571c0 20.571-9.143 60.571-17.714 79.429-12 28-44 46.286-69.714 60.571-33.714 18.286-68 29.143-106.286 29.143-53.143 0-101.143-21.714-149.714-39.429-34.857-12.571-68.571-28-100-47.429-97.143-60-214.286-177.143-274.286-274.286-19.429-31.429-34.857-65.143-47.429-100-17.714-48.571-39.429-96.571-39.429-149.714 0-38.286 10.857-72.571 29.143-106.286 14.286-25.714 32.571-57.714 60.571-69.714 18.857-8.571 58.857-17.714 79.429-17.714 4 0 8 0 12 1.714 12 4 24.571 32 30.286 43.429 18.286 32.571 36 65.714 54.857 97.714 9.143 14.857 26.286 33.143 26.286 50.857 0 34.857-103.429 85.714-103.429 116.571 0 15.429 14.286 35.429 22.286 49.143 57.714 104 129.714 176 233.714 233.714 13.714 8 33.714 22.286 49.143 22.286 30.857 0 81.714-103.429 116.571-103.429 17.714 0 36 17.143 50.857 26.286 32 18.857 65.143 36.571 97.714 54.857 11.429 5.714 39.429 18.286 43.429 30.286 1.714 4 1.714 8 1.714 12z"],"width":804.5714285714286,"attrs":[],"isMulticolor":false,"isMulticolor2":false,"tags":["phone"],"defaultCode":61589,"grid":14},"attrs":[],"properties":{"name":"phone","id":141,"order":14,"prevSize":28,"code":61589},"setIdx":0,"setId":2,"iconIdx":141},{"icon":{"paths":["M925.714 233.143c-25.143 36.571-56.571 69.143-92.571 95.429 0.571 8 0.571 16 0.571 24 0 244-185.714 525.143-525.143 525.143-104.571 0-201.714-30.286-283.429-82.857 14.857 1.714 29.143 2.286 44.571 2.286 86.286 0 165.714-29.143 229.143-78.857-81.143-1.714-149.143-54.857-172.571-128 11.429 1.714 22.857 2.857 34.857 2.857 16.571 0 33.143-2.286 48.571-6.286-84.571-17.143-148-91.429-148-181.143v-2.286c24.571 13.714 53.143 22.286 83.429 23.429-49.714-33.143-82.286-89.714-82.286-153.714 0-34.286 9.143-65.714 25.143-93.143 90.857 112 227.429 185.143 380.571 193.143-2.857-13.714-4.571-28-4.571-42.286 0-101.714 82.286-184.571 184.571-184.571 53.143 0 101.143 22.286 134.857 58.286 41.714-8 81.714-23.429 117.143-44.571-13.714 42.857-42.857 78.857-81.143 101.714 37.143-4 73.143-14.286 106.286-28.571z"],"width":950.8571428571428,"attrs":[],"isMulticolor":false,"isMulticolor2":false,"tags":["twitter"],"defaultCode":61593,"grid":14},"attrs":[],"properties":{"name":"twitter","id":145,"order":3,"prevSize":28,"code":61593},"setIdx":0,"setId":2,"iconIdx":145},{"icon":{"paths":["M548 6.857v150.857h-89.714c-70.286 0-83.429 33.714-83.429 82.286v108h167.429l-22.286 169.143h-145.143v433.714h-174.857v-433.714h-145.714v-169.143h145.714v-124.571c0-144.571 88.571-223.429 217.714-223.429 61.714 0 114.857 4.571 130.286 6.857z"],"width":602.2582857142856,"attrs":[],"isMulticolor":false,"isMulticolor2":false,"tags":["facebook","facebook-f"],"defaultCode":61594,"grid":14},"attrs":[],"properties":{"name":"facebook, facebook-f","id":146,"order":6,"prevSize":28,"code":61594},"setIdx":0,"setId":2,"iconIdx":146},{"icon":{"paths":["M358.286 310.857c0 4.571-2.286 9.714-5.714 13.143l-224.571 224.571 224.571 224.571c3.429 3.429 5.714 8.571 5.714 13.143s-2.286 9.714-5.714 13.143l-28.571 28.571c-3.429 3.429-8.571 5.714-13.143 5.714s-9.714-2.286-13.143-5.714l-266.286-266.286c-3.429-3.429-5.714-8.571-5.714-13.143s2.286-9.714 5.714-13.143l266.286-266.286c3.429-3.429 8.571-5.714 13.143-5.714s9.714 2.286 13.143 5.714l28.571 28.571c3.429 3.429 5.714 8 5.714 13.143z"],"width":384,"attrs":[],"isMulticolor":false,"isMulticolor2":false,"tags":["angle-left"],"defaultCode":61700,"grid":14},"attrs":[],"properties":{"name":"angle-left","id":233,"order":16,"prevSize":28,"code":61700},"setIdx":0,"setId":2,"iconIdx":233},{"icon":{"paths":["M340 548.571c0 4.571-2.286 9.714-5.714 13.143l-266.286 266.286c-3.429 3.429-8.571 5.714-13.143 5.714s-9.714-2.286-13.143-5.714l-28.571-28.571c-3.429-3.429-5.714-8-5.714-13.143 0-4.571 2.286-9.714 5.714-13.143l224.571-224.571-224.571-224.571c-3.429-3.429-5.714-8.571-5.714-13.143s2.286-9.714 5.714-13.143l28.571-28.571c3.429-3.429 8.571-5.714 13.143-5.714s9.714 2.286 13.143 5.714l266.286 266.286c3.429 3.429 5.714 8.571 5.714 13.143z"],"width":347.4285714285714,"attrs":[],"isMulticolor":false,"isMulticolor2":false,"tags":["angle-right"],"defaultCode":61701,"grid":14},"attrs":[],"properties":{"name":"angle-right","id":234,"order":17,"prevSize":28,"code":61701},"setIdx":0,"setId":2,"iconIdx":234},{"icon":{"paths":["M614.286 420.571c0 4.571-2.286 9.714-5.714 13.143l-266.286 266.286c-3.429 3.429-8.571 5.714-13.143 5.714s-9.714-2.286-13.143-5.714l-266.286-266.286c-3.429-3.429-5.714-8.571-5.714-13.143s2.286-9.714 5.714-13.143l28.571-28.571c3.429-3.429 8-5.714 13.143-5.714 4.571 0 9.714 2.286 13.143 5.714l224.571 224.571 224.571-224.571c3.429-3.429 8.571-5.714 13.143-5.714s9.714 2.286 13.143 5.714l28.571 28.571c3.429 3.429 5.714 8.571 5.714 13.143z"],"width":658.2857142857142,"attrs":[],"isMulticolor":false,"isMulticolor2":false,"tags":["angle-down"],"defaultCode":61703,"grid":14},"attrs":[],"properties":{"name":"angle-down","id":236,"order":7,"prevSize":28,"code":61703},"setIdx":0,"setId":2,"iconIdx":236},{"icon":{"paths":["M877.714 512c0 242.286-196.571 438.857-438.857 438.857s-438.857-196.571-438.857-438.857 196.571-438.857 438.857-438.857 438.857 196.571 438.857 438.857z"],"width":877.7142857142857,